ИНФОРМАТИКА I курс;АНАЛИТИЧНА ГЕОМЕТРИЯ;кат. Геометрия;доц. А. РУСЕВА;"В ЕЛЕКТРОННА СРЕДА";П 24.01.%У 28.01.%У 29.01.;Мудъл%Мудъл%Мудъл;14.00.%09.00.%09.00.
ИНФОРМАТИКА I курс;"ДИФЕРЕНЦИАЛНО И ИНТЕГРАЛНО СМЯТАНЕ - I";кат. Математически анализ;доц. П. ПЪРВАНОВ;"ПРИСЪСТВЕНО В ЗАЛА";I ч. 01.02.%II ч. 04.02.;200 325%200 325;09.00.%09.00.
ИНФОРМАТИКА I курс;ЛИНЕЙНА АЛГЕБРА;кат. Алгебра;доц. А. БОЖИЛОВ;ПРИСЪСТВЕНО В ЗАЛА;П 07.02.%У 09.02.%У 10.02.%У 11.02.;"325,107,120,306,314,320,3 21"%325%325%325;10.00.%10.00.%10.00.%10.00.
ИНФОРМАТИКА I курс;УВОД В ПРОГРАМИРАНЕТО;кат. Компютърна информатика;доц. Д. ДИМИТРОВ;"В ЕЛЕКТРОННА СРЕДА";П 15.02.%У 18.02.;Мудъл%Мудъл;09.00.%09.00.
ИНФОРМАТИКА II курс;"ДИФЕРЕНЦИАЛНИ УРАВНЕНИЯ И ПРИЛОЖЕНИЯ";кат. Диференциални уравнения;доц. Т. ПОПОВ;"В ЕЛЕКТРОННА СРЕДА";П 08.02.%У 12.02.;Мудъл%Мудъл;10.00.%10.00.
ИНФОРМАТИКА II курс;ЕЗИЦИ, АВТОМАТИ И ИЗЧИСЛИМОСТ;кат. Математическа логика и приложенията й;проф. А. СОСКОВА;събеседване -28.01.;П 24.01.%У 27.01.;325%325%101;09.00.%09.00.%11.00.
ИНФОРМАТИКА II курс;ИЗСЛЕДВАНЕ НА ОПЕРАЦИИТЕ;кат. ВОИС;проф. Н. ЗЛАТЕВА;"В ЕЛЕКТРОННА СРЕДА";22.01.;Мудъл;10.00.
ИНФОРМАТИКА II курс;СТРУКТУРИ ОТ ДАННИ И ПРОГРАМИРАНЕ;кат. Компютърна информатика;доц. А. СЕМЕРДЖИЕВ, доц. П. АРМЯНОВ;В ЕЛЕКТРОННА СРЕДА;П "31.01. - практи ческа част"%П "31.01.- теория"%У 04.02.%У 05.02.;Мудъл%Мудъл%Мудъл%Мудъл;09.00.%14.00.%09.00.%09.00.
ИНФОРМАТИКА III курс;КОМПЮТЪРНИ МРЕЖИ;кат. Изчислителни системи(временно присъединена към кат.МРМ);доц. С. ДИМИТРОВ;устен-присъствено;П 13.02.%У 17.02.;Мудъл%200;11.00.%11.00.
ИНФОРМАТИКА III курс;ОПЕРАЦИОННИ СИСТЕМИ;кат. Математическа логика и приложенията й;гл.ас. Г. ГЕОРГИЕВ;"ПРИСЪСТВЕНО В ЗАЛА";"П - I част" 29.01.%"П - II част" 05.02.%У 12.02.;ФХФ 210%107 120 306 320 321%101;13.00.%09.00.%09.00.
ИНФОРМАТИКА III курс;ВЕРОЯТНОСТИ И СТАТИСТИКА;кат. ВОИС;проф. М. БОЖКОВА;ПРИСЪСТВЕНО В ЗАЛА;П 26.01.%П 02.02.%У 07.02.;107, 120, 314, 320, 321%ФХФ 210%ФХФ 210;10.00.%14.00.%09.00.
ИНФОРМАТИКА III курс;ФУНКЦИОНАЛНО ПРОГРАМИРАНЕ;кат. Компютърна информатика;доц. Т. ТРИФОНОВ;"В ЕЛЕКТРОННА СРЕДА";П 09.02.%У 09.02.;Мудъл%Мудъл;09.00.%13.00.
ИНФОРМАТИКА IV курс;КОМПЮТЪРНА ГРАФИКА;кат. Числени методи и алгоритми;доц. Н. НАЙДЕНОВ;"В ЕЛЕКТРОННА СРЕДА";П 27.01.%У 28.01.;Мудъл%Мудъл;11.00.%11.00.
ИНФОРМАТИКА IV курс;СОФТУЕРНИ ТЕХНОЛОГИИ;кат. Софтуерни технологии;проф. С. ИЛИЕВА;"В ЕЛЕКТРОННА СРЕДА";01.02.;Мудъл;10.00.
ИНФОРМАТИКА IV курс;"ЧИСЛЕНИ МЕТОДИ ЗА ДИФЕРЕНЦИАЛНИ УРАВНЕНИЯ";кат. Числени методи и алгоритми;гл.ас. Т. ИВАНОВ;ПРИСЪСТВЕНО В ЗАЛА;П 10.02.%У 15.02.;107 120%229;10.00.%10.00.
"ИНФОРМАЦИОННИ СИСТЕМИ I курс";АЛГЕБРА;кат. Алгебра;доц. Е. ВЕЛИКОВА;В ЕЛЕКТРОННА СРЕДА;П 10.02.%П 11.02.%У 13.02.%У 14.02.%У 15.02.%У 16.02.%У 17.02.%У 18.02.;Мудъл%Мудъл%Мудъл%Мудъл%Мудъл%Мудъл%Мудъл%Мудъл;09.00.%09.00.%09.00.%09.00.%09.00.%09.00.%09.00.%09.00.
"ИНФОРМАЦИОННИ СИСТЕМИ I курс";"ДИФЕРЕНЦИАЛНО И ИНТЕГРАЛНО СМЯТАНЕ - I";кат. Математически анализ;доц. М. ТАКЕВ;"В ЕЛЕКТРОННА СРЕДА";П 01.02.%У 04.02.;Мудъл%Мудъл;09.00.%09.00.
"ИНФОРМАЦИОННИ СИСТЕМИ I курс";ДИСКРЕТНИ СТРУКТУРИ;кат. Математическа логика и приложенията й;доц. Х. ГАНЧЕВ;"В ЕЛЕКТРОННА СРЕДА";П 25.01.%У 28.01.%У 29.01.;Мудъл%Мудъл%Мудъл;09.00.%09.00.%09.00.
"ИНФОРМАЦИОННИ СИСТЕМИ I курс";УВОД В ПРОГРАМИРАНЕТО;кат. Компютърна информатика;доц. Д. ДИМИТРОВ;"В ЕЛЕКТРОННА СРЕДА";07.02.;Мудъл;08.00.
"ИНФОРМАЦИОННИ СИСТЕМИ II курс";"ОСНОВИ НА ИНФОРМАЦИОННИ СИСТЕМИ 2";кат. Компютърна информатика;проф. В. ДИМИТРОВ;"В ЕЛЕКТРОННА СРЕДА";26.01.;Мудъл;09.00.
"ИНФОРМАЦИОННИ СИСТЕМИ II курс";"ИНФОРМАЦИОННИ СИСТЕМИ - ТЕОРИЯ И ПРАКТИКА";кат. Компютърна информатика;проф. В. ДИМИТРОВ;"В ЕЛЕКТРОННА СРЕДА";26.01.;Мудъл;13.00.
"ИНФОРМАЦИОННИ СИСТЕМИ II курс";КОМПЮТЪРНИ АРХИТЕКТУРИ;кат. Изчислителни системи(временно присъединена към кат.МРМ);доц. С. ЦВЕТАНОВ;"В ЕЛЕКТРОННА СРЕДА";08.02.;Мудъл;09.00.
"ИНФОРМАЦИОННИ СИСТЕМИ II курс";СТРУКТУРИ ОТ ДАННИ;кат. Компютърна информатика;доц. П. АРМЯНОВ;В ЕЛЕКТРОННА СРЕДА;П "31.01. - практи ческа част"%П "31.01.- теория"%У 04.02.%У 05.02.;Мудъл%Мудъл%Мудъл%Мудъл;09.00.%14.00.%09.00.%09.00.
ИНФОРМАЦИОННИ СИСТЕМИ III курс;XML ТЕХНОЛОГИИ;кат. Компютърна информатика;доц. П. ПАВЛОВ;"В ЕЛЕКТРОННА СРЕДА";П 05.02.%У 06.02.;Мудъл%Мудъл;09.00.%09.00.
ИНФОРМАЦИОННИ СИСТЕМИ III курс;"СИСТЕМИ ЗА УПРАВЛЕНИЕ НА БАЗИ ОТ ДАННИ";кат. Компютърна информатика;проф. В. ДИМИТРОВ;"В ЕЛЕКТРОННА СРЕДА";24.01.;Мудъл;09.00.
ИНФОРМАЦИОННИ СИСТЕМИ III курс;СИСТЕМИ, ОСНОВАНИ НА ЗНАНИЯ;кат. Компютърна информатика;проф. М. НИШЕВА;"В ЕЛЕКТРОННА СРЕДА";П 31.01.%У 31.01.;Мудъл%Мудъл;09.00.%11.30.
ИНФОРМАЦИОННИ СИСТЕМИ III курс;КОМУНИКАТИВНИ УМЕНИЯ И РАБОТА В ЕКИП;;доц. Н. СТЕФАНОВА%гл.ас. Д. ПЕТРОВА;"В ЕЛЕКТРОННА СРЕДА";27.01.;Мудъл;11.30.
"ИНФОРМАЦИОННИ СИСТЕМИ IV курс";СИСТЕМИ ЗА Е-БИЗНЕС;кат. Компютърна информатика;доц. Й. ПАТИАС;"В ЕЛЕКТРОННА СРЕДА";09.02.;Мудъл;10.00.
"ИНФОРМАЦИОННИ СИСТЕМИ IV курс";УПРАВЛЕНИЕ НА ПРОЕКТИ;кат. Компютърна информатика;проф. К. КАЛОЯНОВА;"В ЕЛЕКТРОННА СРЕДА";П 24.01.%У 26.01.;Мудъл%Мудъл;14.00.%14.00.
"ИНФОРМАЦИОННИ СИСТЕМИ IV курс";"ОСНОВИ НА ИНФОРМАЦИОННАТА СИГУРНОСТ";кат. Компютърна информатика;проф. В. ДИМИТРОВ;"В ЕЛЕКТРОННА СРЕДА";07.02.;Мудъл;10.00.
"КОМПЮТЪРНИ НАУКИ I курс, 1 поток";АЛГЕБРА I;кат. Алгебра;доц. Е. ВЕЛИКОВА;В ЕЛЕКТРОННА СРЕДА;П 28.01.%У 29.01.%У 30.01.%У 31.01.%У 01.02.%У 02.02.%У 03.02.%У 04.02.;Мудъл%Мудъл - по график%Мудъл - по график%Мудъл - по график%Мудъл - по график%Мудъл - по график%Мудъл - по график%Мудъл - по график;09.00.%09.00.%09.00.%09.00.%09.00.%09.00.%09.00.%09.00.
"КОМПЮТЪРНИ НАУКИ I курс, 1 поток";"ДИФЕРЕНЦИАЛНО И ИНТЕГРАЛНО СМЯТАНЕ - I";кат. Математически анализ;доц. Б. ДРАГАНОВ;В ЕЛЕКТРОННА СРЕДА;П 14.02.%У 18.02.;Мудъл%Мудъл;09.00.%14.00.
"КОМПЮТЪРНИ НАУКИ I курс, 1 поток";ДИСКРЕТНИ СТРУКТУРИ;кат. Математическа логика и приложенията й;гл.ас. Г. ГЕОРГИЕВ;"ПРИСЪСТВЕНО В ЗАЛА";У 07.02.%У 08.02.%П 11.02.;101%101%ФХФ 210;09.00.%09.00.%09.00.
"КОМПЮТЪРНИ НАУКИ I курс, 1 поток";УВОД В ПРОГРАМИРАНЕТО;кат. Компютърна информатика;доц. Т. ТРИФОНОВ;В ЕЛЕКТРОННА СРЕДА;П 24.01.%У 25.01.;Мудъл%Мудъл;09,00%09..00.
"КОМПЮТЪРНИ НАУКИ I курс, 2 поток";АЛГЕБРА I;кат. Алгебра;проф. А. КАСПАРЯН;"В ЕЛЕКТРОННА СРЕДА";П 05.02.%У 06.02.%У 07.02.%У 08.02.;Мудъл%Мудъл%Мудъл%Мудъл;09.00.%09.00.%830%08.30.
"КОМПЮТЪРНИ НАУКИ I курс, 2 поток";"ДИФЕРЕНЦИАЛНО И ИНТЕГРАЛНО СМЯТАНЕ - I";кат. Математически анализ;проф. Н. РИБАРСКА;"ПРИСЪСТВЕНО В ЗАЛА";П 28.01.%У 01.02.%У 02.02.;ФХФ 130, ФХФ 210%101%325;09.00.%10.00.%10.00.
"КОМПЮТЪРНИ НАУКИ I курс, 2 поток";ДИСКРЕТНИ СТРУКТУРИ;кат. Математическа логика и приложенията й;доц. М. МАРКОВ;"ПРИСЪСТВЕНО В ЗАЛА";П 11.02.%У 16.02.%У 17.02.%У 18.02.;ФХФ 130, ФХФ 210%229%229%229;13.00.%09.00.%09.00.%09.00.
"КОМПЮТЪРНИ НАУКИ I курс, 2 поток";УВОД В ПРОГРАМИРАНЕТО;кат. Компютърна информатика;доц. Н. АНГЕЛОВА;"В ЕЛЕКТРОННА СРЕДА";П 24.01.%У 25.01.;Мудъл%Мудъл;09,00%09..00.
"КОМПЮТЪРНИ НАУКИ II курс, 1 поток";КОМПЮТЪРНИ АРХИТЕКТУРИ;кат. Изчислителни системи(временно присъединена към кат.МРМ);гл. ас. Ю. ЦУКРОВСКИ;ПРИСЪСТВЕНО В ЗАЛА;08.02.;325;10.00.
"КОМПЮТЪРНИ НАУКИ II курс, 1 поток";ОСНОВИ НА КОМПЮТЪРНАТА ГРАФИКА;кат. Информационни технологии;проф. П. БОЙЧЕВ;"ПРИСЪСТВЕНО В ЗАЛА";П 11.02.%У 12.02.;101%325;14.00.%14.00.
"КОМПЮТЪРНИ НАУКИ II курс, 1 поток";СТРУКТУРИ ОТ ДАННИ И ПРОГРАМИРАНЕ;кат. Компютърна информатика;доц. А. СЕМЕРДЖИЕВ, доц. П. АРМЯНОВ;В ЕЛЕКТРОННА СРЕДА;П "31.01. - практи ческа част"%П "31.01.- теория"%У 04.02.%У 05.02.;Мудъл%Мудъл%Мудъл%Мудъл;09.00.%14.00.%09.00.%09.00.
"КОМПЮТЪРНИ НАУКИ II курс, 1 поток";ФУНКЦИОНАЛНО ПРОГРАМИРАНЕ;кат. Компютърна информатика;проф. М. НИШЕВА;"В ЕЛЕКТРОННА СРЕДА";П 25.01.%У 27.01.;Мудъл%Мудъл;10.00.%10.00.
"КОМПЮТЪРНИ НАУКИ II курс, 2 поток";КОМПЮТЪРНИ АРХИТЕКТУРИ;;"гл. ас. Ю. ЦУКРОВСКИ";"ПРИСЪСТВЕНО В ЗАЛА";П 24.01.;200;10.00.
"КОМПЮТЪРНИ НАУКИ II курс, 2 поток";"кат. Изчислителни системи(временно присъединена към кат.МРМ)";;;;У 25.01.;200;09.00.
"КОМПЮТЪРНИ НАУКИ II курс, 2 поток";ОСНОВИ НА КОМПЮТЪРНАТА ГРАФИКА;кат. Информационни технологии;проф. П. БОЙЧЕВ;"ПРИСЪСТВЕНО В ЗАЛА";П 14.02.%У 15.02.;200%325;14.00.%14.00.
"КОМПЮТЪРНИ НАУКИ II курс, 2 поток";СТРУКТУРИ ОТ ДАННИ И ПРОГРАМИРАНЕ;кат. Компютърна информатика;доц. Н.АНГЕЛОВА;"В ЕЛЕКТРОННА СРЕДА";П 07.02.%У 13.02.;Мудъл%Мудъл;09.00.%09.00.
"КОМПЮТЪРНИ НАУКИ II курс, 2 поток";ФУНКЦИОНАЛНО ПРОГРАМИРАНЕ;кат. Компютърна информатика;доц. Т. ТРИФОНОВ;"В ЕЛЕКТРОННА СРЕДА";П 09.02.%У 09.02.;Мудъл%Мудъл;09.00.%13.00.
"КОМПЮТЪРНИ НАУКИ III курс, 1 поток";ЛОГИЧЕСКО ПРОГРАМИРАНЕ;кат. Математическа логика и приложенията й;проф. Т. ТИНЧЕВ;събеседване -31.01.;П 25.01.%У 29.01.;ФХФ 130, ФХФ 210%ФХФ 130, ФХФ 210%325;08.00.%08,00%10.00.
"КОМПЮТЪРНИ НАУКИ III курс, 1 поток";МРЕЖОВО ПРОГРАМИРАНЕ;;доц. С. РУСЕВА;"В ЕЛЕКТРОННА СРЕДА";П 15.02.;Мудъл;10,00
"КОМПЮТЪРНИ НАУКИ III курс, 1 поток";"кат. Изчислителни системи(временно присъединена към кат.МРМ)";;;;У 16.02.;Мудъл;10.00.
"КОМПЮТЪРНИ НАУКИ III курс, 1 поток";СИСТЕМНО ПРОГРАМИРАНЕ;кат. Математическа логика и приложенията й;гл. ас. Г. ГЕОРГИЕВ;"ПРИСЪСТВЕНО В ЗАЛА";П 23.01.%У 13.02.;ФХФ 210%ФХФ 210;09.00.%09.00.
"КОМПЮТЪРНИ НАУКИ III курс, 1 поток";СОЦИАЛНО-ПРАВНИ АСПЕКТИ НА ИТ;кат. Софтуерни технологии;гл.ас. К. ГЕОРГИЕВА;"В ЕЛЕКТРОННА СРЕДА";03.02.;Мудъл;10.00.
"КОМПЮТЪРНИ НАУКИ III курс, 1 поток";ЧИСЛЕН АНАЛИЗ;кат. Числени методи и алгоритми;проф. Г. НИКОЛОВ;ПРИСЪСТВЕНО В ЗАЛА;П "08.02.- четни ф.№"%П "09.02.- нечетн и ф.№"%У "08.02.- четни ф.№"%У "09.02.- нечетн и ф.№";ФХФ 210%ФХФ 210%каб. 520%каб.520;09.30.%09.30.%16.00.%16.00.
"КОМПЮТЪРНИ НАУКИ III курс, 1 поток";ЛОГИЧЕСКО ПРОГРАМИРАНЕ;кат. Математическа логика и приложенията й;гл. ас. А. ЗИНОВИЕВ;събеседване -31.01.;П 25.01.%У 29.01.;ФХФ 130, ФХФ 210%ФХФ 130, ФХФ 210%325;08.00.%08,00%10.00.
"КОМПЮТЪРНИ НАУКИ III курс, 1 поток";МРЕЖОВО ПРОГРАМИРАНЕ;кат. Изчислителни системи(временно присъединена към кат.МРМ);доц. С. РУСЕВА;"В ЕЛЕКТРОННА СРЕДА";П 15.02.%У 16.02.;Мудъл%Мудъл;10,00%10.00.
"КОМПЮТЪРНИ НАУКИ III курс, 2 поток";СИСТЕМНО ПРОГРАМИРАНЕ;кат. Математическа логика и приложенията й;гл. ас. Г. ГЕОРГИЕВ;ПРИСЪСТВЕНО В ЗАЛА;П 23.01.%У 13.02.;ФХФ 210%ФХФ 210;09.00.%09.00.
"КОМПЮТЪРНИ НАУКИ III курс, 2 поток";СОЦИАЛНО-ПРАВНИ АСПЕКТИ НА ИТ;кат. Софтуерни технологии;гл.ас. К. ГЕОРГИЕВА;"В ЕЛЕКТРОННА СРЕДА";03.02.;Мудъл;10.00.
"КОМПЮТЪРНИ НАУКИ III курс, 2 поток";ЧИСЛЕН АНАЛИЗ;кат. Числени методи и алгоритми;доц. Н. НАЙДЕНОВ;"В ЕЛЕКТРОННА СРЕДА";П 08.02.%У 09.02.;Мудъл%Мудъл;10.00.%10.00.
"КОМПЮТЪРНИ НАУКИ IV курс, 1 поток";WEB ТЕХНОЛОГИИ;кат. Софтуерни технологии;доц. М. ПЕТРОВ;ПРИСЪСТВЕНО В ЗАЛА;П 25.01.%У 14.02.;321%321;09,30%09.30.
"КОМПЮТЪРНИ НАУКИ IV курс, 1 поток";ИЗКУСТВЕН ИНТЕЛЕКТ;кат. Софтуерни технологии;проф. И. КОЙЧЕВ;"В ЕЛЕКТРОННА СРЕДА";П 05.02.%П 06.02.%У 12.02.%У 13.02.;Мудъл%Мудъл%Мудъл%Мудъл;09.00.%09.00.%09.00.%09.00.
"КОМПЮТЪРНИ НАУКИ IV курс, 1 поток";СОФТУЕРНИ АРХИТЕКТУРИ;кат. Софтуерни технологии;гл. ас. А. ПАПАПОСТОЛУ;"В ЕЛЕКТРОННА СРЕДА";04.02.;Мудъл;09.30.
"КОМПЮТЪРНИ НАУКИ IV курс, 2 поток";WEB ТЕХНОЛОГИИ;кат. Софтуерни технологии;доц. М. ПЕТРОВ;"В ЕЛЕКТРОННА СРЕДА";П 26.01.%У 15.02.;306%321;09,30%09.30.
"КОМПЮТЪРНИ НАУКИ IV курс, 2 поток";ИЗКУСТВЕН ИНТЕЛЕКТ;кат. Софтуерни технологии;проф. И. КОЙЧЕВ;"В ЕЛЕКТРОННА СРЕДА";П 05.02.%П 06.02.%У 12.02.%У 13.02.;Мудъл%Мудъл%Мудъл%Мудъл;09.00.%09.00.%09.00.%09.00.
"КОМПЮТЪРНИ НАУКИ IV курс, 2 поток";СОФТУЕРНИ АРХИТЕКТУРИ;кат. Софтуерни технологии;гл. ас. А. ПАПАПОСТОЛУ;"В ЕЛЕКТРОННА СРЕДА";04.02.;Мудъл;09.30.
МАТЕМАТИКА I курс;АНАЛИТИЧНА ГЕОМЕТРИЯ;кат. Геометрия;"доц. Б. АЛЕКСАНДРОВ";"ПРИСЪСТВЕНО В ЗАЛА";П 14.02.%У 18.02.;326%500;10.00.%10.00.
МАТЕМАТИКА I курс;"ДИФЕРЕНЦИАЛНО И ИНТЕГРАЛНО СМЯТАНЕ I";кат. Математически анализ;гл.ас. М. БИВАС;"В ЕЛЕКТРОННА СРЕДА";П 26.01.%У 31.01.;Мудъл%Мудъл;10.00.%10.00.
МАТЕМАТИКА I курс;ЛИНЕЙНА АЛГЕБРА;кат. Алгебра;доц. С. БУМОВА;ПРИСЪСТВЕНО В ЗАЛА;П 07.02.%У 10.02.;326%326;10.00.%10.00.
МАТЕМАТИКА I курс;УВОД В ПРОГРАМИРАНЕТО;кат. Компютърна информатика;гл.ас. И. ХРИСТОВ;"В ЕЛЕКТРОННА СРЕДА";П 03.02.%У 04.02.;Мудъл%Мудъл;09.00.%09.00.
МАТЕМАТИКА II курс;ДИСКРЕТНА МАТЕМАТИКА;кат. Математическа логика и приложенията й;доц. А. ДИЧЕВ;"В ЕЛЕКТРОННА СРЕДА";П 03.02.%У 07.02.;Мудъл%Мудъл;09.00.%09.00.
МАТЕМАТИКА II курс;ДИФЕРЕНЦИАЛНИ УРАВНЕНИЯ;кат. Диференциални уравнения;доц. О. ХРИСТОВ;"В ЕЛЕКТРОННА СРЕДА";П 24.01.%У 25.01.;Мудъл%Мудъл;10.00.%10.00.
МАТЕМАТИКА II курс;МАТЕМАТИЧЕСКИ АНАЛИЗ 1;кат. Математически анализ;гл.ас. Н. ИВАНОВ;"В ЕЛЕКТРОННА СРЕДА";П 10.02.%У 10.02.;Мудъл%Мудъл;09.00.%12.00.
МАТЕМАТИКА II курс;ТЕОРИЯ НА ЧИСЛАТА;кат. Алгебра;гл.ас. Т. ТОДОРОВА;"В ЕЛЕКТРОННА СРЕДА";П 27.01.%У 31.01.;Мудъл%Мудъл;10.00.%10.00.
МАТЕМАТИКА III курс;АНАЛИТИЧНА МЕХАНИКА;кат. Мехатроника, роботика и механика;проф. Г. БОЯДЖИЕВ;"ПРИСЪСТВЕНО В ЗАЛА";27.01.;каб. 13 А ФзФ;09.00.
МАТЕМАТИКА III курс;КОМПЛЕКСЕН АНАЛИЗ;кат. Комплексен анализ и топология;"гл.ас. А. АЛЕКСАНДРОВ";"В ЕЛЕКТРОННА СРЕДА";П 10.02.%У 10.02.;Мудъл%Мудъл;09,00%12.00.
МАТЕМАТИКА III курс;МАТЕМАТИЧЕСКА ЛОГИКА;кат. Математическа логика и приложенията й;доц. Х. ГАНЧЕВ;"В ЕЛЕКТРОННА СРЕДА";П 03.02.%У 04.02.;Мудъл%Мудъл;10.00.%10.00.
МАТЕМАТИКА III курс;ЧАСТНИ ДИФЕРЕНЦИАЛНИ УРАВНЕНИЯ;кат. Диференциални уравнения;доц. М. КАРАТОПРАКЛИЕВА;"устен - присъствено";П 16.02.%У 18.02.;Мудъл%307;09.00.%09.00.
МАТЕМАТИКА И ИНФОРМАТИКА I курс;ГЕОМЕТРИЯ 1;кат. Геометрия;проф. С. ИВАНОВ;"ПРИСЪСТВЕНО В ЗАЛА";04.02.;326;10.00.
МАТЕМАТИКА И ИНФОРМАТИКА I курс;АНАЛИЗ 1;кат. Математически анализ;доц. И. ГАДЖЕВ;"ПРИСЪСТВЕНО В ЗАЛА";18.02.;326;11.00.
МАТЕМАТИКА И ИНФОРМАТИКА I курс;КОМПЮТЪРНИ СИСТЕМИ И ТЕХНОЛОГИИ;кат. Информационни технологии;проф. К. СТЕФАНОВ;"В ЕЛЕКТРОННА СРЕДА";10.02.;Мудъл;10.00.
МАТЕМАТИКА И ИНФОРМАТИКА I курс;АЛГЕБРА 1;кат. Алгебра;проф.. М. СТОЯНОВА;"В ЕЛЕКТРОННА СРЕДА";П 25.01.%У 28.01.;Мудъл%Мудъл;09.00.%09.00.
МАТЕМАТИКА И ИНФОРМАТИКА II курс;ДИСКРЕТНА МАТЕМАТИКА И АЛГОРИТМИ;кат. Математическа логика и приложенията й;проф. А. СОСКОВА;"В ЕЛЕКТРОННА СРЕДА";П 25.01.%У 27.01.;Мудъл%Мудъл;11,00%11.00.
МАТЕМАТИКА И ИНФОРМАТИКА II курс;СТРУКТУРИ ОТ ДАННИ И ПРОГРАМИРАНЕ;кат. Информационни технологи;проф. К. СТЕФАНОВ;"В ЕЛЕКТРОННА СРЕДА";11.02.;Мудъл;10.00.
МАТЕМАТИКА И ИНФОРМАТИКА II курс;УЧИЛИЩЕН КУРС ПО АЛГЕБРА И АНАЛИЗ;кат. Обучение по математка и инф.;проф. И. ТОНОВ;"В ЕЛЕКТРОННА СРЕДА";П 01.02.%У 03.02.;Мудъл%Мудъл;09.00.%09,00
МАТЕМАТИКА И;ЕЗИЦИ И СРЕДИ ЗА ОБУЧЕНИЕ;кат. Инфомационни технологии;проф. П. БОЙЧЕВ;"устен - присъствено";П 08.02.%У 18.02.;Мудъл%02;09.00.%10.00.
МАТЕМАТИКА И;ТЕОРИЯ НА ЧИСЛАТА;;гл. ас. Т. ТОДОРОВА;"В ЕЛЕКТРОННА СРЕДА";П 25.01.;Мудъл;08.00.
ИНФОРМАТИКА III курс;"УВОД ВЪВ ВЕРОЯТНОСТИТЕ И МАТЕМАТИЧЕСКА СТАТИСТИКА кат. ВОИС";;доц. В. СТОИМЕНОВА;"В ЕЛЕКТРОННА СРЕДА";"П 04.02. У 08.02.";Мудъл Мудъл;"09.00. 09.00."
ИНФОРМАТИКА III курс;"УЧИЛИЩЕН КУРС ПО ГЕОМЕТРИЯ кат. Обучение по математика и инф.";;проф. К. БАНКОВ;"В ЕЛЕКТРОННА СРЕДА";31.01.;Мудъл;09,00
"МАТЕМАТИКА И ИНФОРМАТИКА IV курс";"МЕТОДИКА НА ОБУЧЕНИЕТО ПО ИНФОРМАТИКА И ИТ кат. Обучение по математика и инф.";;"доц. А. АНГЕЛОВ доц. Н. НИКОЛОВА";"В ЕЛЕКТРОННА СРЕДА";15.02.;Мудъл;09.00.
"МАТЕМАТИКА И ИНФОРМАТИКА IV курс";"МЕТОДИКА НА ОБУЧЕНИЕТО ПО МАТЕМАТИКА II кат. Обучение по математика и инф.";;доц. Ю. НИНОВА;"В ЕЛЕКТРОННА СРЕДА";29.01.;Мудъл;10.00.
"МАТЕМАТИКА И ИНФОРМАТИКА IV курс";"ПРАКТИКУМ МАТЕМАТИКА кат. Обучение по математика и инф.";;гл.ас. Р. АЛАШКА;"В ЕЛЕКТРОННА СРЕДА";16.02.;Мудъл;09.00.
"МАТЕМАТИКА И ИНФОРМАТИКА IV курс";"УЧИЛИЩЕН КУРС ПО ИТ кат. Обучение по математика и инф.";;"доц. А. АНГЕЛОВ гл.ас. Ф. ПЕТРОВ";"В ЕЛЕКТРОННА СРЕДА";05.02.;Мудъл;10,00
"МАТЕМАТИКА И ИНФОРМАТИКА IV курс";АНАЛИТИЧНА ГЕОМЕТРИЯ;кат. Геометрия;проф. С. ИВАНОВ;"ПРИСЪСТВЕНО В ЗАЛА";П 11.02.%У 11.02.;200%200;11.00.%14.00.
"МАТЕМАТИКА И ИНФОРМАТИКА IV курс";"ДИФЕРЕНЦИАЛНО И ИНТЕГРАЛНО СМЯТАНЕ I";кат. Математически анализ;проф. Д. ТОЛЕВ;"В ЕЛЕКТРОННА СРЕДА";П 16.02.%У 16.02.%У 17.02.;Мудъл%Мудъл%Мудъл;10.00.%10.00.%10.00.
"ПРИЛОЖНА МАТЕМАТИКА I курс";ЛИНЕЙНА АЛГЕБРА;кат. Алгебра;проф. А. КАСПАРЯН;"В ЕЛЕКТРОННА СРЕДА";П 25.01.%У 27.01.%У 28.01.%У 29.01.;Мудъл%Мудъл%Мудъл%Мудъл;09.00.%09.00.%08.30.%08.30.
"ПРИЛОЖНА МАТЕМАТИКА I курс";УВОД В ПРОГРАМИРАНЕТО;кат. Компютърна информатика;гл.ас. И. ХРИСТОВ;"В ЕЛЕКТРОННА СРЕДА";П 03.02.%У 05.02.%У 06.02.;Мудъл%Мудъл%Мудъл;09.00.%09.00.%09.00.
ПРИЛОЖНА МАТЕМАТИКА II курс;ДИСКРЕТНА МАТЕМАТИКА;кат. Математическа логика и приложенията й;доц. С. ГЕРДЖИКОВ;"ПРИСЪСТВЕНО В ЗАЛА";П 02.02.%У 05.02.%У 06.02.;200%101%101;09.00.%09.00.%09.00.
ПРИЛОЖНА МАТЕМАТИКА II курс;ДИФЕРЕНЦИАЛНИ УРАВНЕНИЯ;кат. Диференциални уравнения;доц. А. ЖИВКОВ;"В ЕЛЕКТРОННА СРЕДА";П 25.01.%У 26.01.;Мудъл%Мудъл;09.00.%09.00.
ПРИЛОЖНА МАТЕМАТИКА II курс;МАТЕМАТИЧЕСКИ АНАЛИЗ;кат. Математически анализ;проф. Н. РИБАРСКА;"ПРИСЪСТВЕНО В ЗАЛА";П 14.02.%У 19.02.;325%325;13.00.%10.00.
ПРИЛОЖНА МАТЕМАТИКА II курс;МАТЕМАТИЧЕСКО МОДЕЛИРАНЕ;кат. ВОИС;проф. М. КРЪСТАНОВ;"устен- дистанционно";П 29.01.%У 31.01.;325%Мудъл;13.00.%10.00.
ПРИЛОЖНА МАТЕМАТИКА II курс;СОФТУЕР ЗА НАУЧНИ ИЗЧИСЛЕНИЯ;кат. Числени методи и алгоритми;доц. Р. УЛУЧЕВ%гл.ас. Е. КАМЕНОВ;ПРИСЪСТВЕНО В ЗАЛА;09.02.;314, 320;10.00.
ПРИЛОЖНА МАТЕМАТИКА III курс;АНАЛИТИЧНА МЕХАНИКА;кат. Мехатроника, роботика и механика;проф. Г. БОЯДЖИЕВ;"ПРИСЪСТВЕНО В ЗАЛА";12.02.;325;09.00.
ПРИЛОЖНА МАТЕМАТИКА III курс;ДИФЕРЕНЦИАЛНА ГЕОМЕТРИЯ;кат. Геометрия;"доц. Б. АЛЕКСАНДРОВ";"ПРИСЪСТВЕНО В ЗАЛА";П 25.01.%У 29.01.;200%200;14.00.%09.00.
ПРИЛОЖНА МАТЕМАТИКА III курс;ЛИНЕЙНО ОПТИМИРАНЕ;кат. ВОИС;проф. Н. ЗЛАТЕВА;"В ЕЛЕКТРОННА СРЕДА";П 01.02.%У 05.02.;Мудъл%Мудъл;10.00.%10.00.
ПРИЛОЖНА МАТЕМАТИКА III курс;"УРАВНЕНИЯ НА МАТЕМАТИЧЕСКАТА ФИЗИКА";кат. Диференциални уравнения;доц. Т. ПОПОВ;"В ЕЛЕКТРОННА СРЕДА";П 15.02.%У 17.02.;Мудъл%Мудъл;10.00.%10.00.
ПРИЛОЖНА МАТЕМАТИКА III курс;"ЧИСЛЕНИ МЕТОДИ НА ЛИНЕЙНАТА АЛГЕБРА";кат. Числени методи и алгоритми;проф. Г. НИКОЛОВ;"ПРИСЪСТВЕНО В ЗАЛА";07.02.;01;10.00.
ПРИЛОЖНА МАТЕМАТИКА III курс;АЛГЕБРА;;проф. М. СТОЯНОВА;"В ЕЛЕКТРОННА СРЕДА";П 31.01.%У 02.02.%У 03.02.%У 04.02.%У 05.02.%У 06.02.%У 07.02.;Мудъл%Мудъл%Мудъл%Мудъл%Мудъл%Мудъл%Мудъл;09.00.%09.00.%09.00.%09.00.%09.00.%09.00.%09.00.
СОФТУЕРНО ИНЖЕНЕРСТВО I курс;"ДИФЕРЕНЦИАЛНО И ИНТЕГРАЛНО СМЯТАНЕ I";кат. Математически анализ;доц. В. БАБЕВ;"В ЕЛЕКТРОННА СРЕДА";10.02.;Мудъл;10.00.
СОФТУЕРНО ИНЖЕНЕРСТВО I курс;ДИСКРЕТНИ СТРУКТУРИ I;кат. Математическа логика и приложенията й;доц. А. ДИЧЕВ;"В ЕЛЕКТРОННА СРЕДА";П 15.02.%У 18.02.;Мудъл%Мудъл;09.00.%09.00.
СОФТУЕРНО ИНЖЕНЕРСТВО I курс;УВОД В ПРОГРАМИРАНЕТО;кат. Софтуерни технологии;"гл.ас. А. ПАПАПОСТОЛУ";"В ЕЛЕКТРОННА СРЕДА";26.01.;Мудъл;10.00.
СОФТУЕРНО ИНЖЕНЕРСТВО II курс;"КОМПЮТЪРНИ АРХИТЕКТУРИ кат. Изчислителни системи(временно присъединена към кат.МРМ)";;доц. С. ЦВЕТАНОВ;"В ЕЛЕКТРОННА СРЕДА";16.02.;Мудъл;10.00.
СОФТУЕРНО ИНЖЕНЕРСТВО II курс;"СТРУКТУРИ ОТ ДАННИ И АЛГОРИТМИ кат. Софтуерни технологии";;д-р. М. ЧЕЧЕВ;"В ЕЛЕКТРОННА СРЕДА";28.01.;Мудъл;09.00.
СОФТУЕРНО ИНЖЕНЕРСТВО II курс;"УВОД В СОФТУЕРНОТО ИНЖЕНЕРСТВО кат. Софтуерни технологии";;"проф. С. ИЛИЕВА проф. Б. БОНЧЕВ";"В ЕЛЕКТРОННА СРЕДА";09.02.;Мудъл;10.00.
СОФТУЕРНО ИНЖЕНЕРСТВО II курс;КОМУНИКАТИВНИ УМЕНИЯ;;гл.ас. Д. ПЕТРОВА;"В ЕЛЕКТРОННА СРЕДА";25.01.;Мудъл;11.30.
СОФТУЕРНО ИНЖЕНЕРСТВО III курс;XML ТЕХНОЛОГИИ ЗА СЕМАНТИЧЕН WEB;кат. Софтуерни технологии;проф. Б. БОНЧЕВ;"В ЕЛЕКТРОННА СРЕДА";01.02.;Мудъл;09.00.
СОФТУЕРНО ИНЖЕНЕРСТВО III курс;"СОЦИАЛНО ПРАВНИ АСПЕКТИ НА СОФТУЕРНОТО ИНЖЕНЕРСТВО";кат. Софтуерни технологии;гл.ас. К. ГЕОРГИЕВА;"В ЕЛЕКТРОННА СРЕДА";29.01.;Мудъл;12.00.
СОФТУЕРНО ИНЖЕНЕРСТВО III курс;СТАТИСТИКА И ЕМПИРИЧНИ МЕТОДИ;кат. ВОИС;проф. М. САВОВ;"ПРИСЪСТВЕНО В ЗАЛА";П 05.02.%П 08.02.%У 12.02.;ФХФ 130, ФХФ 210%200, 325%ФХФ 210;09.00.%14.00.%09.00.
СОФТУЕРНО ИНЖЕНЕРСТВО III курс;УПРАВЛЕНИЕ НА КАЧЕСТВОТО;кат. Софтуерни технологии;проф. С. ИЛИЕВА%доц. Д. ПЕТРОВА- АНТОНОВА;"В ЕЛЕКТРОННА СРЕДА";27.01.;Мудъл;09.00.
"СОФТУЕРНО ИНЖЕНЕРСТВО IV курс";ИНТЕЛИГЕНТНИ СИСТЕМИ (Data Mining);кат. Софтуерни технологии;проф. И. КОЙЧЕВ;ПРИСЪСТВЕНО В ЗАЛА;П 10.02.%П 11.02.;ФХФ 210%01;09.00.%09.00.
"СОФТУЕРНО ИНЖЕНЕРСТВО IV курс";"ПРОЕКТИРАНЕ И ИНТЕГРИРАНЕ НА СОФТУЕРНИ СИСТЕМИ";кат. Софтуерни технологии;доц. Д. ПЕТРОВА- АНТОНОВА;"В ЕЛЕКТРОННА СРЕДА";03.02.;Мудъл;09.00.
"СОФТУЕРНО ИНЖЕНЕРСТВО IV курс";УПРАВЛЕНИЕ НА ПРОЕКТИ;кат. Софтуерни технологии;доц. Е. ГУРОВА;"В ЕЛЕКТРОННА СРЕДА";26.01.;Мудъл;18.00.
СТАТИСТИКА II курс;МАТЕМАТИЧЕСКИ АНАЛИЗ;кат. Математически анализ;доц. В. БАБЕВ;"В ЕЛЕКТРОННА СРЕДА";П 16.02.%У 16.02.;Мудъл%Мудъл;10.00.%14.00.
СТАТИСТИКА II курс;ДИФЕРЕНЦИАЛНИ УРАВНЕНИЯ;кат. Диференциални уравнения;доц.. Ц. ХРИСТОВ;"В ЕЛЕКТРОННА СРЕДА";П 11.02.%У 11.02.;Мудъл%Мудъл;09.00.%14.00.
СТАТИСТИКА II курс;ДИСКРЕТНА МАТЕМАТИКА;кат. Математическа логика и приложенията й;доц. С. ГЕРДЖИКОВ;"ПРИСЪСТВЕНО В ЗАЛА";П 02.02.%У 05.02.%У 06.02.;200%101%101;09.00.%09.00.%09.00.
СТАТИСТИКА II курс;ТЕОРИЯ НА ВЕРОЯТНОСТИТЕ;кат. ВОИС;доц. В. СТОИМЕНОВА;"В ЕЛЕКТРОННА СРЕДА";П 26.01.%У 28.01.;Мудъл%Мудъл;09.00.%09.00.
СТАТИСТИКА II курс;СОФТУЕР ЗА НАУЧНИ ИЗЧИСЛЕНИЯ;кат. Числени методи и алгоритми;доц. Р. УЛУЧЕВ%гл.ас. М. ЖЕЛЯЗКОВА;"ПРИСЪСТВЕНО В ЗАЛА";П 09.02.%П 09.02.;314, 320%222;10.00.%13.00.
СТАТИСТИКА III курс;"СТАТИСТИЧЕСКА ЛАБОРАТОРИЯ(СЕМИНАР)";кат. ВОИС;гл.ас. Е. ИВАНОВА;"В ЕЛЕКТРОННА СРЕДА";24.01.;Мудъл;11.00.
СТАТИСТИКА III курс;ЛИНЕЙНО ОПТИМИРАНЕ;кат. ВОИС;проф. Н. ЗЛАТЕВА;"В ЕЛЕКТРОННА СРЕДА";П 01.02.%У 05.02.;Мудъл%Мудъл;11.00.%11.00.
СТАТИСТИКА III курс;"ЧИСЛЕНИ МЕТОДИ НА ЛИНЕЙНАТА АЛГЕБРА";кат. Числени методи и алгоритми;доц. Л. МИЛЕВ;"В ЕЛЕКТРОННА СРЕДА";П 25.01.%У 27.01.;Мудъл%Мудъл;11.00.%11.00.
СТАТИСТИКА IV курс;МНОГОМЕРНИ СТАТИСТИЧЕСКИ МОДЕЛИ;кат. ВОИС;доц. В. СТОИМЕНОВА;"В ЕЛЕКТРОННА СРЕДА";02.02.;Мудъл;10.00.
"ИНФОРМАЦИОННИ СИСТЕМИ II курс";ид АЛГЕБРА 2;кат. Алгебра;гл. ас. К. ТАБАКОВ;В ЕЛЕКТРОННА СРЕДА;05.02.%06.02.%"12.02. 13.02. 14.02."%15.02.%16.02.%"17.02. 18.02.";Мудъл%Мудъл%Мудъл Мудъл Мудъл%Мудъл%Мудъл%"Мудъл Мудъл";09.00.%09.00.%"09.00. 09.00. 09.00."%09.00.%09.00.%"09.00. 09.00"
"ИНФОРМАЦИОННИ СИСТЕМИ II курс";"ид ДИФЕРЕНЦИАЛНИ УРАВНЕНИЯ кат. Диференциални уравнения";;доц. Т. ПОПОВ;В ЕЛЕКТРОННА СРЕДА;"П У" "09.02. 12.02.";"Мудъл Мудъл";"09.00. 09.00."
"ИНФОРМАЦИОННИ СИСТЕМИ II курс";"ид ИЗСЛЕДВАНЕ НА ОПЕРАЦИИТЕ кат. ВОИС";;"гл.ас. М. ХАМАМДЖИЕВ";В ЕЛЕКТРОННА СРЕДА;22.01.;Мудъл;10.00.
"ИНФОРМАЦИОННИ СИСТЕМИ II курс";ид ЧИСЛЕНИ МЕТОДИ;кат. Числени методи и алгоритми;доц. В. ГУШЕВ;СРЕДА;П 31.01.%У 02.02.;Мудъл%Мудъл;10.00.%10.00.
"КОМПЮТЪРНИ НАУКИ III курс, 1 и 2 поток";"ид ИЗЧИСЛИМОСТ И СЛОЖНОСТ кат. Математическа логика и приложенията й";;доц. С. НИКОЛОВА;В ЕЛЕКТРОННА СРЕДА;"П У У" "17.02. 18.02. 19.02.";"Мудъл - по график Мудъл - по график Мудъл - по график";"10.00. 10.00. 10.00."
"КОМПЮТЪРНИ НАУКИ III курс, 1 и 2 поток";"ид СЕМАНТИКА НА ЕЗИЦИТЕ ЗА ПРОГРАМИРАНЕ кат. Математическа логика и приложенията й";;гл.ас. С. ВЪТЕВ;ПРИСЪСТВЕНО В ЗАЛА;17.02.;325;09.00.
"КОМПЮТЪРНИ НАУКИ III курс, 1 и 2 поток";ид ТЕОРИЯ НА МНОЖЕСТВАТА;кат. Математическа логика и приложенията й;проф. Т. ТИНЧЕВ%гл.ас. А. САРИЕВ;"ПРИСЪСТВЕНО В ЗАЛА";16.02.%17.02.%18.02.;101%101%01;09.00.%09.00.%09.00.
МАТЕМАТИКА И ИНФОРМАТИКА II курс;"ид ДИФЕРЕНЦИАЛНИ УРАВНЕНИЯ кат. Диференциални уравнения";;гл. ас. Ц. СТОЯНОВА;"В ЕЛЕКТРОННА СРЕДА";08.02.;Мудъл;10.00.
МАТЕМАТИКА И ИНФОРМАТИКА II курс;"ид МАТЕМАТИЧЕСКИ АНАЛИЗ кат. Математически анализ";;доц. В. БАБЕВ;"В ЕЛЕКТРОННА СРЕДА";14.02.;Мудъл;10.00.
МАТЕМАТИКА И ИНФОРМАТИКА II курс;ид КОМПЮТЪРНА ГРАФИКА С WebGL;кат. Информационни технологи;проф. П. БОЙЧЕВ;устен - присъствено;П 17.02.%У 18.02.;Мудъл%02;10.00.%10.00.
МАТЕМАТИКА И ИНФОРМАТИКА III курс;ид ОФИС ТЕХНОЛОГИИ - ПРАКТИКУМ;кат. Информационни технологи;гл. ас. А. АНТОНОВА;В ЕЛЕКТРОННА СРЕДА;17.02.;Мудъл;10.00.
МАТЕМАТИКА И ИНФОРМАТИКА III курс;ид ДЕСКРИПТИВНА ГЕОМЕТРИЯ;кат. Геометрия;доц. А. РУСЕВА;"ПРИСЪСТВЕНО В ЗАЛА";19.02.;326;10.00.
МАТЕМАТИКА И ИНФОРМАТИКА III курс;ид УЕБ ПРОГРАМИРАНЕ;кат. Информационни технологи;ас. Т. ГЕОРГИЕВ;В ЕЛЕКТРОННА СРЕДА;18.02.;Мудъл;12.00.
МАТЕМАТИКА И ИНФОРМАТИКА III курс;"ид ИЗБРАНИ ВЪПРОСИ ОТ ПРОФИЛИРАНАТА ПОДГОТОВКА ПО ИНФОРМАТИКА - АЛГОРИТМИ И СТРУКТУРИ ОТ ДАННИ (Java)";кат. Обучение по математка и инф.;доц. Н. НИКОЛОВА;В ЕЛЕКТРОННА СРЕДА;28.01.;Мудъл;09.00.
МАТЕМАТИКА И ИНФОРМАТИКА III курс;ид КОМБИНАТОРКА, ВЕРОЯТНОСТИ И СТАТИСТИКА В УКМ;кат. Обучение по математка и инф.;проф. К. БАНКОВ;В ЕЛЕКТРОННА СРЕДА;11.02.;Мудъл;09.00.
МАТЕМАТИКА И ИНФОРМАТИКА IV курс;ид ИНФОРМАЦИОННИТЕ ТЕХНОЛОГИИ В ОБУЧЕНИЕТО НА ДЕЦА СЪС СПЕЦИАЛНИ ОБРАЗОВАТЕЛНИ ПОТРЕБНОСТИ;кат. Информационни технологи;доц. Т. ЗАФИРОВА- МАЛЧЕВА;В ЕЛЕКТРОННА СРЕДА;07.02.;Мудъл;10.00.
МАТЕМАТИКА И ИНФОРМАТИКА IV курс;"ид СПЕЦИФИЧНИ ВЪПРОСИ В ОБУЧЕНИЕТО ПО ИНФОРМАЦИОННИ ТЕХНОЛОГИИ";кат. Информационни технологи;доц. Е. СТЕФАНОВА%доц. Н. НИКОЛОВА;;по договорка с преподавател;;
МАТЕМАТИКА И ИНФОРМАТИКА IV курс;"ид СЪВРЕМЕННИ ОБРАЗОВАТЕЛНИ ТЕХНОЛОГИИ";кат. Обучение по математка и инф.;доц. Т. ТОНОВА;;по договорка с преподавател;;
СОФТУЕРНО ИНЖЕНЕРСТВО II курс;ид ИЗСЛЕДВАНЕ НА ОПЕРАЦИИТЕ;кат. ВОИС;"гл.ас. М. ХАМАМДЖИЕВ";В ЕЛЕКТРОННА СРЕДА;22.01.;Мудъл;10.00.

